transformer_id,risk_score,risk_level
35,0.9962262,High
12,0.9911999,High
45,0.9911775,High
26,0.9896271,High
27,0.98882604,High
19,0.9883265,High
35,0.98811215,High
20,0.98763543,High
47,0.98748034,High
18,0.9869544,High
34,0.985271,High
47,0.9850653,High
8,0.98442626,High
26,0.98419446,High
16,0.98395073,High
19,0.9829249,High
29,0.98125595,High
45,0.98049027,High
25,0.979571,High
7,0.9792621,High
15,0.97833455,High
17,0.9774631,High
43,0.97685266,High
39,0.9755323,High
15,0.9754004,High
41,0.9741581,High
46,0.97399706,High
36,0.97360706,High
28,0.9733305,High
33,0.97146904,High
7,0.9711003,High
4,0.9674789,High
19,0.9668915,High
48,0.9663393,High
5,0.96506995,High
35,0.96435183,High
41,0.9628787,High
35,0.96244776,High
28,0.9623382,High
25,0.96145165,High
1,0.9610485,High
31,0.96072567,High
26,0.95992005,High
33,0.9596135,High
26,0.9593059,High
47,0.95856476,High
18,0.95557505,High
43,0.95425344,High
18,0.9527095,High
40,0.9502279,High
40,0.9496243,High
32,0.9496187,High
3,0.9494054,High
32,0.9492829,High
40,0.9457272,High
35,0.9450673,High
12,0.94494176,High
36,0.9426078,High
5,0.9416649,High
6,0.94111407,High
45,0.9381922,High
18,0.93743896,High
23,0.936534,High
47,0.934972,High
44,0.93449455,High
33,0.9330321,High
39,0.93238723,High
27,0.9316897,High
11,0.9312247,High
48,0.93095785,High
15,0.9282816,High
26,0.9280701,High
12,0.92788136,High
32,0.9270887,High
38,0.9269711,High
9,0.9262788,High
2,0.9228588,High
26,0.9210994,High
34,0.91991156,High
33,0.91617477,High
41,0.9137769,High
48,0.9136122,High
31,0.913174,High
38,0.9122984,High
24,0.90935636,High
38,0.9082575,High
14,0.90681255,High
4,0.90650827,High
48,0.905074,High
19,0.9044294,High
4,0.904328,High
3,0.90347284,High
9,0.90288657,High
3,0.89866287,High
20,0.8980925,High
1,0.8913249,High
11,0.88825846,High
49,0.8857043,High
33,0.8836679,High
17,0.88176095,High
15,0.8812874,High
26,0.88055176,High
9,0.88027555,High
16,0.8778281,High
39,0.8741915,High
7,0.8713839,High
19,0.87072307,High
9,0.8704027,High
42,0.86975396,High
5,0.86654633,High
18,0.8641706,High
6,0.8617955,High
14,0.8617276,High
27,0.8603915,High
14,0.86015636,High
6,0.85929114,High
42,0.85916907,High
48,0.85755163,High
15,0.85616153,High
28,0.85541713,High
30,0.8534172,High
32,0.851382,High
6,0.8484223,High
49,0.8459746,High
47,0.8452966,High
44,0.8391368,High
21,0.8378024,High
4,0.8326621,High
5,0.8307187,High
20,0.83011603,High
44,0.8242955,High
23,0.818371,High
12,0.8175636,High
41,0.81308895,High
9,0.80299085,High
18,0.7986642,High
17,0.7912116,High
2,0.7855749,High
44,0.78234303,High
20,0.7766334,High
8,0.77206475,High
29,0.7673824,High
28,0.7671631,High
39,0.7577247,High
7,0.7506187,High
18,0.74954814,High
20,0.74400103,High
21,0.7408305,High
40,0.7400578,High
41,0.73151505,High
18,0.7234827,High
17,0.71787715,High
16,0.7126339,High
42,0.70577854,High
8,0.70527846,High
36,0.7006781,High
47,0.69540894,Medium
18,0.6949131,Medium
43,0.68334925,Medium
4,0.6800846,Medium
11,0.6781885,Medium
29,0.66193444,Medium
45,0.64822316,Medium
42,0.6479911,Medium
49,0.64691323,Medium
21,0.64588624,Medium
37,0.64475983,Medium
16,0.64326894,Medium
1,0.6428313,Medium
26,0.6414918,Medium
45,0.6357947,Medium
24,0.63576096,Medium
26,0.6352001,Medium
15,0.6343751,Medium
36,0.63266283,Medium
29,0.6215816,Medium
49,0.6146192,Medium
7,0.6034082,Medium
27,0.59427327,Medium
32,0.59329563,Medium
39,0.5881115,Medium
21,0.578025,Medium
9,0.5777678,Medium
30,0.5720514,Medium
31,0.56881183,Medium
5,0.5625588,Medium
43,0.5505717,Medium
18,0.5500421,Medium
28,0.5483285,Medium
36,0.5468907,Medium
3,0.53848666,Medium
31,0.5357268,Medium
34,0.5308739,Medium
9,0.5296025,Medium
35,0.52794874,Medium
30,0.52480733,Medium
2,0.51159585,Medium
34,0.50924945,Medium
13,0.5043446,Medium
8,0.5016323,Medium
37,0.49987045,Medium
15,0.49838814,Medium
38,0.49686113,Medium
22,0.49469292,Medium
10,0.4604923,Medium
6,0.45317587,Medium
26,0.4527232,Medium
2,0.4523742,Medium
14,0.45094633,Medium
3,0.44985276,Medium
48,0.4471508,Medium
13,0.434475,Medium
35,0.43027002,Medium
1,0.42376277,Medium
45,0.41849574,Medium
29,0.41615734,Medium
17,0.4099181,Medium
2,0.40863484,Medium
1,0.40852156,Medium
1,0.40728015,Medium
14,0.4004929,Medium
16,0.39806846,Low
30,0.39471152,Low
11,0.39211646,Low
30,0.39078346,Low
14,0.38739315,Low
46,0.38627502,Low
45,0.38578045,Low
41,0.38319063,Low
34,0.3823908,Low
25,0.38024452,Low
8,0.37809604,Low
36,0.3756308,Low
13,0.37334904,Low
38,0.36380637,Low
26,0.36111903,Low
4,0.36106023,Low
35,0.36081338,Low
40,0.35552463,Low
7,0.35422716,Low
1,0.353351,Low
40,0.35175964,Low
33,0.3514773,Low
27,0.34932226,Low
35,0.3488418,Low
43,0.34857333,Low
25,0.34529883,Low
45,0.34434167,Low
37,0.34069106,Low
7,0.34059024,Low
36,0.33717796,Low
5,0.337166,Low
14,0.33236453,Low
12,0.33181173,Low
18,0.33144403,Low
11,0.3306688,Low
19,0.32559505,Low
48,0.32558224,Low
40,0.32372227,Low
13,0.32224822,Low
29,0.32215342,Low
41,0.32161885,Low
28,0.31833345,Low
17,0.3168252,Low
9,0.3166921,Low
4,0.31621566,Low
43,0.31617138,Low
3,0.31419742,Low
12,0.31154287,Low
8,0.3107095,Low
16,0.3105785,Low
5,0.308886,Low
33,0.3085789,Low
34,0.30820382,Low
39,0.3002383,Low
28,0.29938927,Low
37,0.29929677,Low
11,0.29555622,Low
6,0.29510745,Low
27,0.2949953,Low
7,0.292722,Low
34,0.29248744,Low
22,0.29145223,Low
17,0.28900397,Low
6,0.2882327,Low
44,0.2875381,Low
13,0.28305632,Low
30,0.2817578,Low
26,0.28122574,Low
42,0.27917317,Low
7,0.278091,Low
13,0.27762032,Low
36,0.27471614,Low
36,0.27280968,Low
14,0.27230647,Low
26,0.27151874,Low
11,0.27078837,Low
41,0.2701524,Low
9,0.27002248,Low
36,0.26965117,Low
8,0.26814237,Low
26,0.26717532,Low
26,0.26694334,Low
14,0.26586345,Low
24,0.26572412,Low
49,0.26410764,Low
49,0.26286063,Low
43,0.26112205,Low
43,0.26066083,Low
47,0.25911534,Low
18,0.25890523,Low
10,0.25888073,Low
39,0.25857964,Low
19,0.25650972,Low
47,0.25620538,Low
10,0.2517084,Low
36,0.2516147,Low
22,0.25147542,Low
35,0.25115874,Low
7,0.2510527,Low
9,0.25072035,Low
12,0.24968533,Low
35,0.24807957,Low
16,0.24774098,Low
25,0.24762596,Low
14,0.24734624,Low
23,0.24715099,Low
33,0.2468863,Low
22,0.2466876,Low
28,0.24603152,Low
11,0.24562168,Low
24,0.24547918,Low
43,0.24498437,Low
38,0.24386816,Low
41,0.2437478,Low
34,0.24370135,Low
33,0.24349599,Low
10,0.24292287,Low
13,0.24270098,Low
5,0.2419554,Low
22,0.24001272,Low
28,0.23981966,Low
39,0.23968767,Low
2,0.23948637,Low
1,0.23934692,Low
33,0.23911288,Low
47,0.23896146,Low
15,0.23753454,Low
6,0.23586181,Low
3,0.23572432,Low
6,0.23419596,Low
40,0.22953515,Low
11,0.22723189,Low
41,0.22719999,Low
36,0.22719148,Low
46,0.2264827,Low
13,0.22647983,Low
47,0.22554141,Low
30,0.22546637,Low
19,0.22385682,Low
14,0.2228984,Low
45,0.22282872,Low
25,0.22240458,Low
47,0.22216319,Low
39,0.22208634,Low
39,0.22185628,Low
30,0.22060926,Low
39,0.22038586,Low
15,0.21968876,Low
9,0.2185812,Low
13,0.21749364,Low
39,0.21710561,Low
28,0.2161507,Low
2,0.21614099,Low
25,0.21578817,Low
6,0.21531536,Low
25,0.21522623,Low
49,0.2151032,Low
2,0.21500184,Low
35,0.21410832,Low
32,0.21263167,Low
22,0.2122178,Low
37,0.21122387,Low
26,0.21013483,Low
22,0.20993532,Low
8,0.20939277,Low
16,0.20874992,Low
11,0.20872161,Low
16,0.20787184,Low
33,0.2075722,Low
1,0.20542023,Low
45,0.20221512,Low
35,0.20138627,Low
49,0.20071378,Low
39,0.19948824,Low
47,0.199315,Low
25,0.19758113,Low
33,0.19485152,Low
23,0.19356449,Low
21,0.1929668,Low
41,0.1925198,Low
20,0.1916836,Low
10,0.19167313,Low
46,0.19150294,Low
24,0.19148618,Low
30,0.19135223,Low
43,0.1907715,Low
14,0.19072163,Low
17,0.1906162,Low
1,0.18988818,Low
19,0.18902682,Low
47,0.18818977,Low
12,0.18784471,Low
2,0.18688942,Low
10,0.1867395,Low
15,0.18614087,Low
48,0.18578294,Low
3,0.18495728,Low
21,0.18376747,Low
33,0.18289359,Low
3,0.1824566,Low
24,0.18206868,Low
18,0.18173572,Low
3,0.18161568,Low
39,0.18137024,Low
46,0.1802548,Low
34,0.1796254,Low
15,0.17792225,Low
48,0.17701775,Low
31,0.17687544,Low
37,0.1765193,Low
30,0.1764423,Low
7,0.1763255,Low
43,0.17553848,Low
38,0.17529894,Low
26,0.17431198,Low
47,0.1742673,Low
41,0.17404792,Low
3,0.17323671,Low
17,0.17192319,Low
25,0.17189631,Low
34,0.17059377,Low
23,0.1705558,Low
29,0.17029588,Low
39,0.16974579,Low
47,0.16809645,Low
46,0.1679512,Low
12,0.16742356,Low
48,0.16692989,Low
9,0.16643888,Low
21,0.16623051,Low
41,0.16612059,Low
49,0.1657313,Low
37,0.16552582,Low
48,0.16505094,Low
44,0.16427368,Low
13,0.16407578,Low
40,0.16405866,Low
7,0.16361004,Low
25,0.16219266,Low
4,0.16191794,Low
43,0.16138862,Low
47,0.16046932,Low
13,0.16025278,Low
26,0.16014582,Low
3,0.15998782,Low
37,0.15997887,Low
7,0.15982552,Low
2,0.15980929,Low
32,0.15958902,Low
45,0.15877819,Low
45,0.15867624,Low
12,0.1583846,Low
38,0.1583688,Low
49,0.15828569,Low
26,0.15791912,Low
46,0.15719509,Low
25,0.15654615,Low
36,0.15604545,Low
4,0.15570481,Low
33,0.15532255,Low
18,0.15497066,Low
38,0.15484728,Low
17,0.15419714,Low
42,0.15309256,Low
27,0.15225118,Low
24,0.15151227,Low
41,0.15126608,Low
20,0.15084456,Low
18,0.15006869,Low
30,0.14979212,Low
49,0.14884296,Low
40,0.14849739,Low
33,0.1481078,Low
39,0.14801985,Low
21,0.14589615,Low
49,0.14582393,Low
28,0.14480853,Low
33,0.14443003,Low
42,0.14441067,Low
1,0.1441981,Low
37,0.14360839,Low
4,0.1432709,Low
28,0.14288571,Low
9,0.14266664,Low
10,0.14257894,Low
11,0.14201936,Low
34,0.14095092,Low
3,0.14042443,Low
39,0.14036629,Low
36,0.14029047,Low
39,0.14023538,Low
24,0.13994053,Low
44,0.13990937,Low
22,0.13924684,Low
18,0.13903011,Low
8,0.13828589,Low
7,0.13826868,Low
34,0.13802795,Low
30,0.13755156,Low
21,0.13708593,Low
43,0.13703665,Low
5,0.1369587,Low
45,0.13688032,Low
40,0.13681124,Low
49,0.13596627,Low
6,0.13590167,Low
38,0.13578804,Low
30,0.13534172,Low
13,0.1345688,Low
7,0.13421796,Low
47,0.13409515,Low
40,0.13391337,Low
21,0.13272871,Low
3,0.13266487,Low
9,0.13155611,Low
24,0.13153674,Low
20,0.13139135,Low
15,0.13133152,Low
23,0.13016908,Low
45,0.1300595,Low
46,0.12904775,Low
38,0.12870295,Low
49,0.12830082,Low
33,0.12749171,Low
8,0.12681794,Low
6,0.1265349,Low
8,0.12607047,Low
34,0.12596557,Low
10,0.12548904,Low
40,0.1253276,Low
32,0.1250999,Low
49,0.12506534,Low
46,0.12491542,Low
38,0.12424811,Low
49,0.12379181,Low
41,0.1229469,Low
16,0.12235671,Low
33,0.122342825,Low
5,0.12221144,Low
46,0.12205611,Low
45,0.12124782,Low
42,0.12124455,Low
30,0.12087415,Low
22,0.120524526,Low
24,0.12046122,Low
32,0.12033256,Low
28,0.11933271,Low
33,0.11918968,Low
7,0.119038,Low
29,0.11880189,Low
35,0.11855971,Low
49,0.1183023,Low
5,0.11810549,Low
22,0.11789759,Low
14,0.1167721,Low
35,0.1167393,Low
45,0.11673855,Low
35,0.11652467,Low
49,0.116202235,Low
18,0.11558997,Low
37,0.11483732,Low
49,0.11482086,Low
36,0.114556804,Low
23,0.11449385,Low
14,0.11401811,Low
20,0.113681935,Low
19,0.11346327,Low
16,0.11343963,Low
49,0.11311702,Low
37,0.113093354,Low
19,0.11302004,Low
44,0.11232096,Low
39,0.112117775,Low
9,0.11184077,Low
38,0.11124036,Low
37,0.11119634,Low
17,0.110695355,Low
35,0.11065912,Low
49,0.11014252,Low
20,0.11002272,Low
12,0.10992659,Low
30,0.10844307,Low
1,0.106737,Low
28,0.106703304,Low
5,0.10634308,Low
39,0.10625843,Low
18,0.10612633,Low
19,0.105856046,Low
6,0.10509182,Low
13,0.10464921,Low
36,0.10382183,Low
1,0.10360645,Low
23,0.1029096,Low
8,0.10260836,Low
30,0.102378175,Low
35,0.102375604,Low
14,0.102114625,Low
38,0.10207079,Low
2,0.101639695,Low
7,0.10132143,Low
46,0.101161726,Low
36,0.10095509,Low
10,0.10081837,Low
12,0.100785844,Low
30,0.10075448,Low
25,0.10070623,Low
14,0.10011719,Low
33,0.09995046,Low
2,0.099787466,Low
24,0.09955648,Low
47,0.09884667,Low
29,0.098624036,Low
15,0.09799538,Low
23,0.09773968,Low
45,0.097701564,Low
28,0.09768648,Low
3,0.09691637,Low
33,0.09601614,Low
7,0.095952354,Low
22,0.09570681,Low
25,0.095572665,Low
20,0.095483124,Low
17,0.094703354,Low
26,0.09398758,Low
2,0.09316904,Low
22,0.09313772,Low
26,0.09305785,Low
12,0.09234793,Low
34,0.09211256,Low
31,0.09129126,Low
10,0.09118194,Low
11,0.09102817,Low
27,0.09032747,Low
48,0.09003334,Low
33,0.08998431,Low
42,0.089974895,Low
11,0.0898006,Low
31,0.08976744,Low
9,0.08971524,Low
40,0.08971484,Low
15,0.08951156,Low
6,0.089483656,Low
30,0.08864694,Low
11,0.088178694,Low
42,0.08814477,Low
42,0.087980226,Low
49,0.087828696,Low
46,0.087118804,Low
23,0.08705746,Low
36,0.08685802,Low
36,0.08654451,Low
24,0.086533,Low
15,0.08633982,Low
24,0.086184554,Low
22,0.086129986,Low
39,0.0858659,Low
22,0.08568331,Low
25,0.0856365,Low
5,0.08550244,Low
35,0.08541095,Low
22,0.08531994,Low
32,0.08529207,Low
18,0.08525837,Low
8,0.08518999,Low
21,0.085005,Low
32,0.08467158,Low
19,0.0845993,Low
17,0.084567815,Low
24,0.08438242,Low
26,0.08432984,Low
12,0.08362598,Low
28,0.083570614,Low
1,0.083490625,Low
46,0.0834885,Low
27,0.08328504,Low
12,0.08291003,Low
29,0.0822474,Low
27,0.08214258,Low
24,0.082139984,Low
31,0.082080096,Low
4,0.08203887,Low
44,0.08197778,Low
20,0.08183539,Low
32,0.081635796,Low
35,0.081633955,Low
20,0.0815332,Low
41,0.08149555,Low
35,0.08123541,Low
21,0.080932066,Low
22,0.08090481,Low
28,0.08063486,Low
29,0.08061208,Low
40,0.08045991,Low
32,0.079892956,Low
32,0.07978879,Low
29,0.079571605,Low
23,0.07955863,Low
24,0.07944913,Low
22,0.07919502,Low
7,0.0788034,Low
17,0.07844408,Low
16,0.07829552,Low
33,0.0782034,Low
17,0.07804268,Low
14,0.077542044,Low
35,0.0773149,Low
49,0.07703078,Low
31,0.077024475,Low
45,0.07649369,Low
44,0.07647003,Low
2,0.076462805,Low
38,0.0759863,Low
1,0.075777374,Low
4,0.07555787,Low
37,0.075541124,Low
47,0.07535492,Low
24,0.075297296,Low
29,0.07513838,Low
8,0.07504528,Low
31,0.07445838,Low
29,0.074174404,Low
23,0.074101515,Low
7,0.074042104,Low
15,0.074012056,Low
19,0.073871,Low
41,0.07373713,Low
48,0.073680244,Low
31,0.07366253,Low
3,0.07334949,Low
11,0.07327347,Low
10,0.07308926,Low
14,0.07260983,Low
36,0.07240197,Low
12,0.07223664,Low
30,0.07207488,Low
49,0.071950704,Low
32,0.071734376,Low
26,0.07135318,Low
5,0.07115207,Low
20,0.0709141,Low
12,0.07082601,Low
2,0.07020944,Low
36,0.06986404,Low
25,0.06980506,Low
25,0.06965333,Low
33,0.06905474,Low
33,0.06905233,Low
8,0.06885919,Low
8,0.06868032,Low
10,0.06845825,Low
37,0.06843863,Low
31,0.06826107,Low
46,0.06808906,Low
47,0.06783068,Low
45,0.0677458,Low
14,0.06773742,Low
7,0.06762187,Low
37,0.06756931,Low
44,0.0675346,Low
29,0.06746065,Low
40,0.067270264,Low
23,0.06719833,Low
16,0.066843204,Low
12,0.06677159,Low
8,0.06668582,Low
49,0.06659785,Low
35,0.06654269,Low
1,0.0664911,Low
25,0.06625572,Low
28,0.06607369,Low
11,0.06591138,Low
26,0.06582363,Low
31,0.06547259,Low
14,0.06529221,Low
36,0.065165125,Low
22,0.064921126,Low
7,0.06470445,Low
34,0.06461261,Low
35,0.064399794,Low
25,0.063479215,Low
43,0.063413285,Low
47,0.06335163,Low
49,0.06327005,Low
36,0.06325503,Low
44,0.063236274,Low
3,0.062247925,Low
22,0.062137306,Low
33,0.061455667,Low
14,0.06121576,Low
13,0.06114832,Low
19,0.061133258,Low
32,0.061084513,Low
20,0.060707744,Low
41,0.06065284,Low
45,0.06042497,Low
47,0.060296256,Low
14,0.060290374,Low
29,0.0601313,Low
48,0.05966851,Low
49,0.05961849,Low
36,0.059331685,Low
2,0.059135567,Low
15,0.059131045,Low
41,0.059054382,Low
32,0.059023015,Low
6,0.05865772,Low
38,0.058523037,Low
20,0.0585,Low
33,0.058367837,Low
12,0.058295637,Low
39,0.057791147,Low
19,0.057579264,Low
24,0.057396565,Low
29,0.05704242,Low
28,0.056896333,Low
12,0.056882754,Low
10,0.056830984,Low
32,0.056623816,Low
38,0.056590915,Low
18,0.056569673,Low
47,0.056427598,Low
24,0.056422964,Low
18,0.056400385,Low
4,0.05638936,Low
17,0.056374416,Low
35,0.0562501,Low
19,0.05620667,Low
17,0.05507247,Low
8,0.055043835,Low
3,0.05451929,Low
12,0.05442839,Low
15,0.054319717,Low
1,0.054117866,Low
17,0.053825535,Low
32,0.053734533,Low
33,0.05359865,Low
17,0.053586062,Low
21,0.05355479,Low
47,0.05321059,Low
42,0.053206135,Low
9,0.052950606,Low
42,0.05294769,Low
38,0.052631456,Low
1,0.05257067,Low
3,0.052474096,Low
33,0.052036874,Low
32,0.051981226,Low
44,0.051900767,Low
6,0.051735774,Low
24,0.05140014,Low
29,0.051286846,Low
5,0.051239524,Low
37,0.051208206,Low
17,0.05118035,Low
13,0.051094238,Low
3,0.051091764,Low
26,0.051080145,Low
1,0.05097021,Low
43,0.050853554,Low
47,0.05029614,Low
17,0.050104994,Low
28,0.05004983,Low
30,0.04999034,Low
10,0.049952686,Low
17,0.0498545,Low
30,0.049608625,Low
7,0.049342714,Low
29,0.049329385,Low
34,0.04928161,Low
28,0.049273286,Low
10,0.0491766,Low
23,0.0490774,Low
32,0.0489696,Low
27,0.048910122,Low
22,0.048896417,Low
23,0.04884453,Low
31,0.048488688,Low
20,0.048339546,Low
14,0.048335318,Low
29,0.047984987,Low
26,0.047952693,Low
10,0.047877744,Low
27,0.047731083,Low
14,0.04760283,Low
4,0.047497615,Low
24,0.04746861,Low
20,0.047444005,Low
48,0.047420006,Low
16,0.04690057,Low
26,0.04678238,Low
40,0.046747435,Low
2,0.046607275,Low
8,0.046530604,Low
45,0.046458844,Low
24,0.04633005,Low
33,0.04627341,Low
7,0.046240445,Low
12,0.04617367,Low
6,0.046118468,Low
46,0.046004135,Low
12,0.045793053,Low
15,0.04563242,Low
21,0.045601424,Low
21,0.045483682,Low
2,0.04534647,Low
41,0.04533099,Low
45,0.04514937,Low
17,0.044889815,Low
38,0.044877876,Low
12,0.044829093,Low
22,0.04478324,Low
11,0.044707227,Low
14,0.044462204,Low
31,0.044369493,Low
45,0.04433187,Low
40,0.04426173,Low
20,0.04421567,Low
13,0.04407448,Low
14,0.044003833,Low
37,0.043981314,Low
22,0.043857742,Low
10,0.043624226,Low
35,0.04325812,Low
36,0.043144193,Low
21,0.043031637,Low
40,0.04293413,Low
48,0.042849418,Low
33,0.042768117,Low
23,0.042736474,Low
4,0.042697985,Low
46,0.042666323,Low
42,0.042551156,Low
40,0.042506684,Low
29,0.04250457,Low
25,0.042235002,Low
15,0.042004507,Low
26,0.04192337,Low
28,0.04174133,Low
37,0.04161097,Low
3,0.04098781,Low
33,0.040633794,Low
42,0.04038855,Low
32,0.04034988,Low
19,0.04033228,Low
34,0.040306106,Low
21,0.040262517,Low
24,0.040215604,Low
29,0.040123466,Low
38,0.04006582,Low
43,0.0399211,Low
23,0.039887615,Low
26,0.039809044,Low
34,0.03973602,Low
26,0.039621472,Low
17,0.039431825,Low
15,0.039146993,Low
23,0.039126094,Low
19,0.039077926,Low
45,0.038768258,Low
22,0.03865752,Low
43,0.038495984,Low
44,0.03817437,Low
44,0.038057145,Low
17,0.037993,Low
24,0.037969593,Low
13,0.0378904,Low
9,0.037683647,Low
34,0.037481084,Low
44,0.037437726,Low
44,0.037418135,Low
23,0.037407745,Low
37,0.03726987,Low
30,0.037201956,Low
29,0.037089046,Low
1,0.03705913,Low
30,0.036917083,Low
8,0.03690533,Low
21,0.03688663,Low
42,0.03677329,Low
15,0.036626294,Low
11,0.03642811,Low
41,0.036367707,Low
47,0.03624643,Low
25,0.036233027,Low
31,0.035803102,Low
33,0.035711344,Low
37,0.035487533,Low
44,0.035451446,Low
25,0.03542051,Low
35,0.03541244,Low
1,0.03535433,Low
33,0.03526357,Low
4,0.035234746,Low
7,0.035059627,Low
6,0.03502256,Low
28,0.0348795,Low
44,0.0348432,Low
11,0.03483038,Low
26,0.034689393,Low
13,0.034533553,Low
5,0.034335583,Low
38,0.03407336,Low
34,0.03405566,Low
48,0.033779006,Low
44,0.033687197,Low
13,0.033630874,Low
37,0.0335585,Low
5,0.0334189,Low
5,0.03334825,Low
27,0.033292737,Low
33,0.032958355,Low
16,0.03272671,Low
13,0.032598812,Low
30,0.032401863,Low
43,0.032273035,Low
39,0.032198455,Low
16,0.03206089,Low
32,0.031984683,Low
6,0.031975325,Low
18,0.031952675,Low
16,0.03187484,Low
24,0.031774007,Low
25,0.031236177,Low
35,0.031183103,Low
32,0.031182332,Low
11,0.031130064,Low
39,0.030890636,Low
28,0.030641854,Low
12,0.030626317,Low
5,0.030617489,Low
28,0.030617025,Low
40,0.030408584,Low
1,0.030391168,Low
3,0.030314913,Low
20,0.030218178,Low
29,0.030144228,Low
2,0.03011432,Low
26,0.030113935,Low
28,0.029935902,Low
13,0.029933805,Low
12,0.02992493,Low
35,0.029899392,Low
26,0.02986364,Low
28,0.029701428,Low
29,0.029579517,Low
48,0.029572345,Low
24,0.029432487,Low
36,0.029371927,Low
23,0.029237852,Low
26,0.029215798,Low
13,0.029209193,Low
2,0.029091835,Low
32,0.029084973,Low
24,0.028720256,Low
1,0.02870309,Low
2,0.02858942,Low
42,0.028544853,Low
8,0.028488828,Low
11,0.028446067,Low
19,0.028416438,Low
49,0.028247073,Low
13,0.027951665,Low
44,0.027936472,Low
9,0.027855398,Low
15,0.027842512,Low
11,0.027718902,Low
24,0.02770224,Low
31,0.027509157,Low
12,0.027484434,Low
2,0.027480062,Low
46,0.02729212,Low
47,0.02719593,Low
22,0.02714962,Low
44,0.02697851,Low
13,0.026861915,Low
24,0.026648857,Low
5,0.02658853,Low
7,0.02632431,Low
12,0.026211955,Low
42,0.026209509,Low
15,0.026169717,Low
26,0.02592267,Low
37,0.025822971,Low
29,0.025789699,Low
23,0.025788056,Low
48,0.025627468,Low
20,0.025338665,Low
40,0.02532289,Low
25,0.02531047,Low
37,0.025131386,Low
35,0.025064362,Low
9,0.025021268,Low
32,0.024976552,Low
11,0.024965841,Low
21,0.024890695,Low
20,0.024857732,Low
35,0.024836808,Low
38,0.02482959,Low
17,0.02479111,Low
41,0.024636406,Low
24,0.024582159,Low
32,0.024475578,Low
26,0.024316963,Low
17,0.024299562,Low
33,0.02425002,Low
25,0.024120463,Low
8,0.024089977,Low
30,0.02401411,Low
30,0.023976794,Low
16,0.023883728,Low
12,0.023807144,Low
2,0.023802886,Low
47,0.02367305,Low
13,0.023609823,Low
38,0.023366695,Low
18,0.023291728,Low
43,0.023163743,Low
3,0.023135375,Low
32,0.022931283,Low
46,0.022803284,Low
47,0.022753239,Low
22,0.022677805,Low
49,0.022651758,Low
32,0.02258498,Low
13,0.022578938,Low
45,0.022550832,Low
32,0.022515135,Low
16,0.022487482,Low
20,0.022442136,Low
2,0.022429785,Low
29,0.022364765,Low
16,0.022339076,Low
38,0.022337524,Low
21,0.022289816,Low
6,0.022243798,Low
24,0.022152217,Low
12,0.022095596,Low
31,0.022064215,Low
2,0.022046642,Low
47,0.021847008,Low
28,0.02175157,Low
32,0.021661563,Low
2,0.02159985,Low
25,0.021460386,Low
37,0.021365777,Low
26,0.021360742,Low
26,0.021341883,Low
44,0.0212263,Low
24,0.021219209,Low
2,0.021116901,Low
41,0.020978015,Low
29,0.020977302,Low
29,0.020927528,Low
24,0.020878082,Low
20,0.020812044,Low
45,0.020718478,Low
5,0.020640764,Low
7,0.020563668,Low
28,0.02045098,Low
31,0.020406924,Low
37,0.02038742,Low
44,0.020316971,Low
22,0.020288466,Low
23,0.020268492,Low
24,0.02011108,Low
4,0.020085603,Low
3,0.020020587,Low
38,0.019936731,Low
25,0.019870495,Low
46,0.019808318,Low
29,0.019628366,Low
8,0.019260803,Low
27,0.019242639,Low
6,0.019198881,Low
7,0.019196875,Low
4,0.01912473,Low
3,0.019068908,Low
6,0.018937433,Low
44,0.018827261,Low
9,0.018739786,Low
24,0.018738918,Low
19,0.018593827,Low
45,0.018570228,Low
14,0.018551374,Low
14,0.018549789,Low
2,0.018544469,Low
45,0.018512921,Low
31,0.01838044,Low
10,0.018374432,Low
37,0.018330371,Low
11,0.018273074,Low
49,0.018243698,Low
47,0.018161701,Low
36,0.01813792,Low
36,0.018086836,Low
44,0.017916624,Low
49,0.017885145,Low
46,0.01787405,Low
29,0.017812671,Low
21,0.017792394,Low
2,0.017775336,Low
3,0.01777527,Low
23,0.017772214,Low
11,0.017556146,Low
43,0.01747784,Low
23,0.017413668,Low
26,0.017255161,Low
40,0.017212955,Low
35,0.01719628,Low
20,0.017170947,Low
11,0.017152978,Low
46,0.016913136,Low
12,0.016845388,Low
18,0.016829751,Low
5,0.016747758,Low
8,0.016397247,Low
43,0.016391804,Low
26,0.01630153,Low
42,0.016290179,Low
34,0.016063705,Low
9,0.016059348,Low
29,0.016037436,Low
25,0.016010176,Low
25,0.016006216,Low
26,0.01600344,Low
28,0.015929345,Low
36,0.015865384,Low
48,0.015834115,Low
30,0.015825208,Low
3,0.015746463,Low
15,0.01570609,Low
1,0.015693238,Low
30,0.015624944,Low
33,0.015556817,Low
45,0.0155548155,Low
21,0.015541278,Low
10,0.01548979,Low
24,0.015441657,Low
41,0.015395462,Low
25,0.015375603,Low
17,0.015308741,Low
19,0.015227756,Low
49,0.015209455,Low
47,0.015188322,Low
5,0.015159725,Low
33,0.015045123,Low
20,0.014972142,Low
20,0.014833007,Low
38,0.014781574,Low
26,0.014770655,Low
30,0.014672566,Low
8,0.014588287,Low
15,0.0145484945,Low
27,0.014444437,Low
2,0.014355188,Low
23,0.014348071,Low
24,0.014275632,Low
28,0.014196991,Low
5,0.014153372,Low
15,0.014148888,Low
27,0.014082927,Low
30,0.014055286,Low
44,0.013991878,Low
46,0.0139750745,Low
34,0.013966942,Low
14,0.013949564,Low
3,0.013946606,Low
12,0.013928179,Low
2,0.013826149,Low
25,0.013774872,Low
9,0.013743865,Low
3,0.013739497,Low
37,0.0135423625,Low
32,0.013540503,Low
42,0.013511254,Low
34,0.013478772,Low
47,0.0134548,Low
15,0.013437095,Low
48,0.013412964,Low
21,0.013407116,Low
20,0.013374559,Low
31,0.013259493,Low
23,0.013254086,Low
44,0.013239363,Low
48,0.013181747,Low
26,0.01307578,Low
42,0.013057529,Low
21,0.013011523,Low
42,0.012977281,Low
17,0.012965925,Low
33,0.012921494,Low
23,0.012886176,Low
43,0.012875008,Low
12,0.01283459,Low
22,0.01278456,Low
8,0.012694063,Low
28,0.012489906,Low
37,0.012479629,Low
45,0.012460686,Low
42,0.012354677,Low
5,0.01227841,Low
16,0.012141902,Low
47,0.012108471,Low
4,0.012083428,Low
17,0.012051639,Low
46,0.012006638,Low
19,0.011986681,Low
38,0.011966702,Low
10,0.011965348,Low
13,0.011954518,Low
18,0.011733641,Low
8,0.011715248,Low
12,0.011660603,Low
5,0.01160139,Low
4,0.011570533,Low
37,0.011536831,Low
34,0.011501056,Low
41,0.011403138,Low
40,0.011388445,Low
27,0.011378195,Low
11,0.011317505,Low
17,0.011283344,Low
49,0.011223618,Low
48,0.011158383,Low
42,0.01115497,Low
29,0.011146215,Low
31,0.011075822,Low
27,0.01100747,Low
24,0.010977869,Low
27,0.010975156,Low
17,0.0108188065,Low
19,0.010805633,Low
12,0.0107507305,Low
10,0.010706458,Low
32,0.010692199,Low
27,0.01066556,Low
3,0.010653229,Low
23,0.010627132,Low
9,0.010599358,Low
48,0.010565871,Low
3,0.010502562,Low
41,0.010408197,Low
14,0.010360145,Low
49,0.01032923,Low
7,0.010218705,Low
39,0.010165247,Low
45,0.010120208,Low
22,0.010098258,Low
10,0.010085958,Low
34,0.010081888,Low
1,0.01001256,Low
34,0.00999628,Low
13,0.009989383,Low
49,0.009964026,Low
23,0.00990987,Low
37,0.0099071525,Low
36,0.009906147,Low
25,0.009901443,Low
38,0.009856542,Low
9,0.009799355,Low
5,0.009774775,Low
11,0.009741968,Low
12,0.009606103,Low
14,0.009604235,Low
46,0.009596582,Low
1,0.009594198,Low
26,0.009588545,Low
9,0.009478261,Low
48,0.00946151,Low
34,0.009456712,Low
10,0.009446207,Low
40,0.009427959,Low
35,0.009387038,Low
46,0.00938682,Low
11,0.009386523,Low
13,0.009381993,Low
2,0.009346742,Low
24,0.009194828,Low
44,0.009190537,Low
9,0.009189559,Low
31,0.009145527,Low
37,0.009144365,Low
46,0.009088399,Low
39,0.009077635,Low
38,0.009063744,Low
40,0.009061428,Low
37,0.009055088,Low
19,0.009020467,Low
22,0.0090180505,Low
26,0.008988575,Low
24,0.008982219,Low
33,0.008922235,Low
37,0.008910844,Low
45,0.008887356,Low
15,0.008856513,Low
11,0.008780694,Low
4,0.008778951,Low
9,0.008730326,Low
38,0.008636646,Low
10,0.008615812,Low
26,0.008595309,Low
49,0.008560791,Low
47,0.008541011,Low
6,0.008537188,Low
49,0.008517193,Low
8,0.008512111,Low
25,0.008481947,Low
42,0.0084722955,Low
46,0.008396914,Low
37,0.008392961,Low
37,0.008221073,Low
34,0.008214245,Low
3,0.008204279,Low
16,0.008066561,Low
4,0.008042598,Low
46,0.008031155,Low
40,0.007923618,Low
21,0.007895278,Low
9,0.007888685,Low
18,0.0078632925,Low
38,0.007862247,Low
3,0.007813338,Low
39,0.0077915327,Low
27,0.0077655097,Low
29,0.0077283382,Low
36,0.00770059,Low
26,0.0076948022,Low
27,0.0076281917,Low
6,0.0075291265,Low
2,0.0075071165,Low
11,0.007467543,Low
40,0.0074491343,Low
32,0.007435284,Low
47,0.0074245343,Low
33,0.007336344,Low
16,0.0073105115,Low
36,0.007279978,Low
7,0.0072747245,Low
31,0.0072105695,Low
40,0.0071896175,Low
37,0.0071337353,Low
39,0.007108413,Low
35,0.007078797,Low
8,0.007064314,Low
11,0.0070611774,Low
39,0.007051909,Low
1,0.0070164283,Low
48,0.007012197,Low
8,0.006975234,Low
42,0.0069530345,Low
26,0.0069391965,Low
5,0.00692664,Low
13,0.0069039916,Low
6,0.006888724,Low
1,0.006881486,Low
27,0.0068593225,Low
17,0.006774963,Low
37,0.006767933,Low
43,0.0067560165,Low
11,0.0067199743,Low
9,0.0066608177,Low
17,0.0065974365,Low
48,0.0065375054,Low
29,0.0065076575,Low
7,0.0065037585,Low
36,0.0064906985,Low
24,0.0064465906,Low
31,0.0063889017,Low
26,0.006280229,Low
15,0.006259163,Low
9,0.0062154667,Low
13,0.006215011,Low
33,0.0062103965,Low
34,0.0061827446,Low
5,0.0061463416,Low
16,0.0061301994,Low
44,0.0061293426,Low
16,0.006105975,Low
14,0.006096438,Low
15,0.006090408,Low
2,0.0060790866,Low
22,0.006058674,Low
23,0.006010059,Low
47,0.0060080197,Low
20,0.00600624,Low
29,0.0059911455,Low
8,0.0059135463,Low
46,0.005856309,Low
35,0.005842469,Low
28,0.005839147,Low
8,0.0058287727,Low
5,0.005826657,Low
39,0.0058157262,Low
10,0.0057365554,Low
6,0.005730752,Low
11,0.0057302816,Low
43,0.005702605,Low
6,0.005696706,Low
6,0.005649854,Low
44,0.00561175,Low
26,0.005586748,Low
31,0.005570305,Low
47,0.005568005,Low
48,0.0055545294,Low
22,0.005473361,Low
32,0.005466142,Low
42,0.005422117,Low
49,0.005402517,Low
30,0.0053481315,Low
49,0.005327324,Low
10,0.0053252876,Low
18,0.0053069494,Low
47,0.005305165,Low
44,0.0052920086,Low
42,0.0052452195,Low
18,0.0052304068,Low
47,0.0052145943,Low
33,0.005198129,Low
47,0.005178361,Low
39,0.0051196837,Low
1,0.0050952476,Low
19,0.005090551,Low
7,0.005030781,Low
24,0.0050171493,Low
27,0.00500158,Low
22,0.004990669,Low
20,0.0049512126,Low
22,0.004942737,Low
10,0.0049206917,Low
20,0.0049196477,Low
28,0.0048797065,Low
3,0.0048530377,Low
29,0.0048193666,Low
22,0.004818916,Low
16,0.0047902474,Low
42,0.0047863233,Low
18,0.0047538667,Low
34,0.0047402186,Low
33,0.004717156,Low
39,0.004691485,Low
8,0.004682809,Low
31,0.004680536,Low
13,0.004679619,Low
4,0.0046731313,Low
39,0.004632237,Low
20,0.004617416,Low
35,0.004614699,Low
11,0.004608861,Low
12,0.0046010124,Low
2,0.0045683337,Low
1,0.0045640185,Low
44,0.0045608548,Low
23,0.0044994326,Low
39,0.0044930703,Low
17,0.004490537,Low
35,0.004434607,Low
32,0.0044195806,Low
40,0.0043983273,Low
49,0.004388039,Low
28,0.004358697,Low
45,0.004354906,Low
10,0.004351859,Low
7,0.0043327278,Low
28,0.004326023,Low
32,0.004311743,Low
16,0.0042938925,Low
29,0.004271119,Low
39,0.004263052,Low
29,0.004229661,Low
37,0.004220409,Low
23,0.0041987216,Low
38,0.004170383,Low
40,0.0041701375,Low
12,0.004155788,Low
38,0.0041552116,Low
33,0.004152194,Low
42,0.0041162106,Low
25,0.0040526437,Low
37,0.004044997,Low
27,0.004029055,Low
9,0.004009288,Low
1,0.003994725,Low
16,0.003967929,Low
37,0.0039673713,Low
8,0.0039411103,Low
17,0.003936495,Low
45,0.0039343736,Low
23,0.0039111977,Low
20,0.0039067157,Low
45,0.003902869,Low
15,0.0038966618,Low
14,0.0038437727,Low
19,0.0038398323,Low
23,0.003761388,Low
23,0.0037613788,Low
3,0.0037479354,Low
33,0.003727677,Low
23,0.0037051612,Low
26,0.0036800855,Low
2,0.003679909,Low
1,0.0035505346,Low
13,0.0035428957,Low
33,0.0035420542,Low
22,0.003539801,Low
18,0.0035351438,Low
13,0.0035219537,Low
44,0.0034780852,Low
45,0.003456648,Low
37,0.003430168,Low
30,0.003406254,Low
22,0.0033790506,Low
4,0.0033458106,Low
11,0.0033328845,Low
15,0.00330408,Low
32,0.0033016345,Low
4,0.0032665255,Low
48,0.0032630046,Low
2,0.0032505288,Low
27,0.0032368645,Low
35,0.0032126524,Low
49,0.0031831146,Low
29,0.0031308122,Low
28,0.0031295428,Low
12,0.0031186338,Low
5,0.0030978497,Low
46,0.0030607136,Low
30,0.0030369272,Low
25,0.0030086595,Low
15,0.0029992654,Low
8,0.002990926,Low
17,0.002978623,Low
32,0.002961937,Low
17,0.0029133623,Low
11,0.002912609,Low
39,0.0028859973,Low
36,0.0028848136,Low
33,0.0028848136,Low
4,0.002875723,Low
36,0.0028679764,Low
18,0.0028505737,Low
28,0.0028233267,Low
49,0.00281819,Low
40,0.0028140722,Low
1,0.0027715757,Low
21,0.0027129785,Low
30,0.0027093827,Low
6,0.0026853625,Low
47,0.0026831871,Low
35,0.0026720376,Low
25,0.0026632992,Low
1,0.002629601,Low
21,0.0026283418,Low
40,0.002623425,Low
9,0.0026219522,Low
9,0.0026034713,Low
18,0.0025764033,Low
17,0.0025737933,Low
11,0.0025509875,Low
30,0.0025434096,Low
43,0.0025415076,Low
39,0.002514461,Low
37,0.002513085,Low
1,0.0024966623,Low
8,0.0024921682,Low
41,0.00248237,Low
26,0.002472074,Low
34,0.0024688835,Low
40,0.0024669268,Low
4,0.002453524,Low
36,0.0024496198,Low
35,0.002438191,Low
22,0.0024076037,Low
39,0.0024049561,Low
30,0.002379812,Low
2,0.0023597728,Low
46,0.00235656,Low
39,0.0023543425,Low
29,0.002336027,Low
1,0.0023015377,Low
6,0.002298791,Low
35,0.0022883671,Low
37,0.0022681605,Low
11,0.0022660054,Low
32,0.0022552856,Low
22,0.0022395242,Low
21,0.002217338,Low
25,0.0022151289,Low
21,0.0021839703,Low
15,0.0021750852,Low
8,0.0021669113,Low
3,0.0021296092,Low
28,0.0021229137,Low
11,0.0021146294,Low
24,0.002111598,Low
17,0.0021107763,Low
15,0.002088007,Low
32,0.0020572364,Low
20,0.0020407827,Low
5,0.002026772,Low
8,0.002019534,Low
44,0.0020105164,Low
32,0.0020036718,Low
18,0.0019921598,Low
4,0.0019862915,Low
49,0.0019552687,Low
33,0.001933154,Low
19,0.0019172718,Low
30,0.0018961953,Low
6,0.0018740435,Low
4,0.0018728978,Low
27,0.0018652467,Low
4,0.0018505122,Low
39,0.0018334952,Low
44,0.0018270818,Low
47,0.0018115685,Low
26,0.0018003997,Low
17,0.0018000562,Low
8,0.0018000562,Low
42,0.0017811735,Low
30,0.0017333034,Low
27,0.0017295041,Low
2,0.0017129628,Low
8,0.0017085497,Low
27,0.0016855707,Low
25,0.0016681595,Low
5,0.0016557155,Low
6,0.0016096391,Low
29,0.0016090217,Low
25,0.0015906987,Low
43,0.0015634246,Low
28,0.0015576103,Low
10,0.0015485024,Low
3,0.0015343219,Low
8,0.0015300631,Low
37,0.0015155078,Low
49,0.0015065467,Low
4,0.0014962921,Low
47,0.0014863733,Low
21,0.001479263,Low
45,0.0014605367,Low
33,0.0014590389,Low
48,0.0014513514,Low
2,0.0014314245,Low
5,0.0014240905,Low
10,0.0014149486,Low
37,0.0014137344,Low
32,0.00141341,Low
23,0.0013925219,Low
9,0.0013914197,Low
47,0.0013785969,Low
34,0.0013684611,Low
40,0.0013660352,Low
16,0.0013640982,Low
6,0.0013605685,Low
22,0.0013587006,Low
36,0.0013434356,Low
4,0.0013410494,Low
3,0.0013138896,Low
31,0.0012953448,Low
35,0.0012871161,Low
16,0.001287029,Low
9,0.0012564941,Low
37,0.0012527198,Low
11,0.0012511273,Low
40,0.0012506519,Low
46,0.0012441203,Low
26,0.0012396129,Low
34,0.0012234983,Low
23,0.001221193,Low
45,0.001210159,Low
29,0.0011706182,Low
41,0.0011638979,Low
1,0.0011547111,Low
1,0.0011477738,Low
23,0.0011120813,Low
22,0.0010945429,Low
6,0.0010945429,Low
5,0.0010945429,Low
35,0.0010895728,Low
39,0.0010778583,Low
3,0.001069623,Low
40,0.0010671767,Low
25,0.0010592993,Low
23,0.0010554635,Low
11,0.0010425185,Low
23,0.0010402908,Low
44,0.0010331938,Low
49,0.001014773,Low
38,0.0010143782,Low
45,0.0010069088,Low
16,0.0010061618,Low
27,0.001003112,Low
43,0.0010018722,Low
34,0.001001209,Low
16,0.0009904782,Low
29,0.00096956163,Low
8,0.00096889585,Low
37,0.00096381176,Low
14,0.00095107965,Low
29,0.0009489928,Low
43,0.00094861677,Low
23,0.00093834975,Low
37,0.00093493325,Low
19,0.0009244856,Low
24,0.0009228816,Low
28,0.00092099083,Low
28,0.00089412567,Low
26,0.0008878244,Low
14,0.0008726186,Low
8,0.00082486286,Low
13,0.0008045696,Low
49,0.0007913449,Low
44,0.00078481704,Low
47,0.000770949,Low
40,0.0007601927,Low
29,0.00074790354,Low
34,0.0007449857,Low
29,0.00074388506,Low
25,0.00073800574,Low
17,0.000737729,Low
34,0.0007333324,Low
45,0.0007267458,Low
45,0.0007157476,Low
34,0.0007081473,Low
19,0.0007024689,Low
18,0.0006980763,Low
35,0.0006936861,Low
41,0.0006720822,Low
3,0.0006522686,Low
20,0.00065091264,Low
8,0.00064505235,Low
45,0.0006429967,Low
41,0.0006410308,Low
3,0.0006410308,Low
30,0.000629413,Low
4,0.00062402646,Low
34,0.00062083965,Low
35,0.0006196677,Low
40,0.00061727886,Low
2,0.0006133389,Low
12,0.00060621236,Low
44,0.000604582,Low
11,0.00060374854,Low
32,0.0005943641,Low
20,0.00059105456,Low
12,0.00058156427,Low
4,0.00057202566,Low
49,0.00057023147,Low
5,0.0005649853,Low
46,0.0005616142,Low
21,0.0005569824,Low
44,0.0005555022,Low
6,0.00055457663,Low
12,0.00053884106,Low
38,0.0005374001,Low
47,0.00053674536,Low
17,0.0005326018,Low
47,0.00052810175,Low
42,0.0005271366,Low
18,0.0005270447,Low
10,0.0005218907,Low
49,0.00052046764,Low
40,0.0005197602,Low
49,0.0005197602,Low
39,0.0005182318,Low
34,0.00051563466,Low
41,0.00050188374,Low
9,0.0005003161,Low
25,0.0004888731,Low
24,0.00047816895,Low
25,0.00047185036,Low
35,0.00047164533,Low
41,0.0004636923,Low
47,0.0004629973,Low
10,0.0004600826,Low
6,0.00045571302,Low
26,0.0004502643,Low
15,0.00044965072,Low
14,0.0004404238,Low
43,0.00042181608,Low
14,0.00041622098,Low
33,0.0004160792,Low
3,0.00041439311,Low
13,0.00038963024,Low
41,0.00038883582,Low
9,0.00037456735,Low
25,0.00037395867,Low
8,0.00036977325,Low
9,0.00036655986,Low
40,0.00036655986,Low
48,0.00036258055,Low
31,0.00035871353,Low
5,0.00035227873,Low
49,0.00035127465,Low
13,0.0003393233,Low
35,0.00033697707,Low
36,0.00033681953,Low
13,0.00033384038,Low
21,0.0003206866,Low
5,0.00031680215,Low
10,0.00030563434,Low
5,0.0003010239,Low
18,0.00029672985,Low
29,0.0002938033,Low
40,0.00029306728,Low
35,0.00029200522,Low
23,0.00029006458,Low
30,0.00027732624,Low
5,0.0002574317,Low
45,0.00025328505,Low
17,0.00024195423,Low
5,0.0002415822,Low
32,0.00022282156,Low
48,0.0002191836,Low
37,0.00021756765,Low
39,0.00021578743,Low
42,0.0002149238,Low
25,0.00020633452,Low
3,0.00020570337,Low
12,0.00019508229,Low
34,0.0001941863,Low
17,0.00019382448,Low
17,0.00018931103,Low
14,0.00018911708,Low
28,0.00018621777,Low
28,0.00018589242,Low
29,0.00018438978,Low
6,0.00018351089,Low
1,0.00018244852,Low
30,0.00018204103,Low
15,0.00017059375,Low
44,0.00016986042,Low
16,0.0001670983,Low
40,0.00016642998,Low
1,0.00016599287,Low
40,0.00016195128,Low
31,0.00015930788,Low
41,0.00015669239,Low
35,0.0001565968,Low
47,0.00015189305,Low
36,0.00015116557,Low
32,0.00014951186,Low
34,0.00014387604,Low
45,0.00013912412,Low
25,0.00013473441,Low
6,0.0001304965,Low
32,0.0001303142,Low
15,0.00012716181,Low
25,0.00012299822,Low
39,0.00011472785,Low
33,0.00011460855,Low
17,0.00011232478,Low
4,0.00010637793,Low
10,0.00010490808,Low
25,9.8949095e-05,Low
33,9.7877106e-05,Low
34,9.727937e-05,Low
32,9.533433e-05,Low
23,9.235409e-05,Low
47,9.021051e-05,Low
2,8.8391214e-05,Low
27,8.6615284e-05,Low
19,8.372774e-05,Low
17,8.372774e-05,Low
6,8.3303814e-05,Low
29,7.8466845e-05,Low
30,7.5356926e-05,Low
40,5.784423e-05,Low
10,5.0722196e-05,Low
21,4.943297e-05,Low
6,4.3767246e-05,Low
22,4.2159638e-05,Low
34,3.8684262e-05,Low
22,3.0786046e-05,Low
5,2.0004003e-05,Low
45,1.1392895e-05,Low
19,9.013403e-06,Low
18,9.013403e-06,Low
41,9.013403e-06,Low
