transformer_id,risk_score,risk_level,failure
3598,0.9983961,High,1
2103,0.9980831,High,1
3484,0.99765646,High,1
2426,0.9971745,High,1
3393,0.99645835,High,1
2225,0.99623823,High,1
2637,0.9958248,High,1
2620,0.99559206,High,1
612,0.9954455,High,1
3687,0.99525225,High,1
2358,0.9952513,High,1
3244,0.99515176,High,1
3605,0.9949673,High,1
2535,0.99465275,High,1
3012,0.9942036,High,1
3475,0.99413055,High,1
3283,0.99386567,High,1
2090,0.9934576,High,1
2222,0.99288636,High,1
3523,0.9920007,High,1
3210,0.9914841,High,1
2178,0.9911842,High,1
2293,0.99101603,High,1
3349,0.9906452,High,1
2107,0.99018174,High,1
3613,0.9895216,High,1
3269,0.9893497,High,1
2059,0.9889215,High,1
2883,0.98826724,High,1
3258,0.9879373,High,1
3273,0.98783594,High,1
3654,0.9876195,High,1
2460,0.98746836,High,1
3724,0.9872895,High,1
3205,0.9871501,High,1
2918,0.9871451,High,1
2283,0.98663354,High,1
2254,0.9865984,High,1
3351,0.98643535,High,1
2659,0.9861063,High,1
2866,0.9860933,High,1
2942,0.98609275,High,1
2948,0.98596525,High,1
3117,0.98588645,High,1
3667,0.9856698,High,1
3058,0.9856081,High,1
3032,0.98528486,High,1
2991,0.98483837,High,1
2649,0.9844252,High,1
2708,0.98415196,High,1
2046,0.9840714,High,1
2163,0.9839939,High,1
2233,0.9834691,High,1
3718,0.98335254,High,1
3495,0.9824327,High,1
2580,0.9822144,High,1
3544,0.9816859,High,1
3526,0.9815545,High,1
2396,0.9809367,High,1
2534,0.9800688,High,1
3054,0.9800688,High,1
2981,0.97940904,High,1
3621,0.9792971,High,1
2420,0.97925663,High,1
2900,0.97905934,High,1
2323,0.97875136,High,1
2988,0.9783871,High,1
1601,0.9783725,High,0
3212,0.97833735,High,1
1034,0.977999,High,0
1533,0.9778958,High,0
3249,0.9778919,High,1
3553,0.977852,High,1
2632,0.97783184,High,1
3727,0.97718996,High,1
3490,0.977097,High,1
2232,0.9767759,High,1
2699,0.9766266,High,1
2268,0.97625357,High,1
2117,0.975717,High,1
3585,0.97508425,High,1
2804,0.97506434,High,1
2057,0.9748819,High,1
2892,0.974483,High,1
2855,0.9741698,High,1
3555,0.97346985,High,1
2266,0.97280294,High,1
2260,0.97279084,High,1
239,0.97273594,High,0
2102,0.9718014,High,1
3037,0.97127414,High,1
2886,0.9706669,High,1
798,0.96931255,High,0
2633,0.9691293,High,1
3587,0.96905005,High,1
3264,0.96871233,High,1
2149,0.9680618,High,1
3096,0.96795326,High,1
3197,0.96758914,High,1
3529,0.96706253,High,1
3352,0.9670382,High,1
2398,0.96677643,High,1
3418,0.96654975,High,1
2924,0.96653485,High,1
2364,0.9660622,High,1
3596,0.9660312,High,1
2155,0.9651733,High,1
2409,0.9649871,High,1
2066,0.96467394,High,1
2423,0.9645283,High,1
2912,0.964401,High,1
1656,0.96396625,High,0
2015,0.9637129,High,1
3016,0.96367776,High,1
2564,0.96342576,High,1
3510,0.9634062,High,1
2720,0.9624673,High,1
3080,0.96245956,High,1
3679,0.96083397,High,1
2477,0.96079767,High,1
2712,0.96064526,High,1
1577,0.95972985,High,0
2014,0.9595371,High,1
3265,0.959457,High,1
1992,0.95889693,High,1
3329,0.95827127,High,1
3528,0.9582481,High,1
3290,0.957254,High,1
2990,0.95711035,High,1
3131,0.9566289,High,1
2584,0.95596683,High,1
2271,0.95575726,High,1
2686,0.95574236,High,1
2377,0.9555625,High,1
3248,0.95409954,High,1
3013,0.9530787,High,1
2273,0.95277655,High,1
3366,0.95189244,High,1
3199,0.9515624,High,1
2375,0.95153576,High,1
3548,0.95040345,High,1
2131,0.95005625,High,1
3150,0.9499822,High,1
3707,0.94998133,High,1
2768,0.9498139,High,1
2688,0.9494746,High,1
2354,0.9492783,High,1
354,0.948854,High,1
3406,0.94788146,High,1
3345,0.9467724,High,1
2798,0.9462017,High,1
1909,0.94616807,High,0
3558,0.9454978,High,1
144,0.94547695,High,1
3208,0.94537073,High,1
3508,0.944129,High,1
2111,0.9440832,High,1
2256,0.94374365,High,1
1068,0.94333535,High,1
2249,0.94249004,High,1
3388,0.9419452,High,1
3524,0.9413851,High,1
3127,0.9382006,High,1
2857,0.9380466,High,1
2129,0.93782634,High,1
1961,0.9375718,High,0
2389,0.9372785,High,1
3661,0.93708,High,1
2405,0.9368408,High,1
2176,0.93664306,High,1
3305,0.9356578,High,1
324,0.9356578,High,1
2940,0.93430334,High,1
358,0.93429494,High,1
2181,0.9341543,High,1
2586,0.93411505,High,1
3652,0.93263644,High,1
929,0.93245536,High,1
1025,0.931752,High,1
3542,0.93088543,High,1
1480,0.93086964,High,0
2663,0.9302716,High,1
3378,0.93006957,High,1
2827,0.9297978,High,1
2166,0.92956525,High,1
3373,0.9272817,High,1
1288,0.9268497,High,0
2184,0.9268261,High,1
2645,0.9262247,High,1
3423,0.92558855,High,1
3172,0.92554945,High,1
3200,0.92412686,High,1
1073,0.9239556,High,0
3425,0.9237269,High,1
2234,0.9236651,High,1
2037,0.9219983,High,1
2667,0.9208419,High,1
2935,0.9195449,High,1
2338,0.91792357,High,1
2897,0.9172495,High,1
2478,0.91653574,High,1
2310,0.91342926,High,1
2488,0.9119788,High,1
3522,0.9104211,High,1
2053,0.9091838,High,1
3721,0.90877306,High,1
2984,0.90805405,High,1
298,0.9038039,High,0
3297,0.90276355,High,1
3224,0.9021429,High,1
1052,0.9008486,High,0
2451,0.9002933,High,1
188,0.9002377,High,0
2408,0.89980304,High,1
3549,0.8997176,High,1
134,0.8996154,High,1
2189,0.89805984,High,1
2495,0.89731723,High,1
2415,0.89650595,High,1
2697,0.89538515,High,1
3513,0.8934257,High,1
2348,0.89319634,High,1
2682,0.8928387,High,1
3100,0.8923743,High,1
3044,0.8906356,High,1
3541,0.89061135,High,1
3209,0.88743865,High,1
2658,0.8871881,High,1
3245,0.88691294,High,1
3034,0.8852062,High,1
1632,0.8837945,High,0
2536,0.88001513,High,1
1221,0.87999475,High,0
433,0.8795252,High,0
3619,0.87743366,High,1
2986,0.8744832,High,1
3405,0.874256,High,1
2766,0.8741721,High,1
1948,0.8714098,High,0
2880,0.8711136,High,1
3577,0.87012976,High,1
2211,0.8695116,High,1
2073,0.86886215,High,1
240,0.8638641,High,0
3346,0.8617216,High,1
3462,0.86102957,High,1
838,0.85989827,High,0
2696,0.85554004,High,1
2780,0.8551744,High,1
2290,0.85396826,High,1
2314,0.8528964,High,1
3226,0.8518498,High,1
2650,0.8509088,High,1
2227,0.84975183,High,1
1839,0.84882843,High,0
3185,0.8459531,High,1
2339,0.8441456,High,1
295,0.8438851,High,0
3355,0.8432064,High,1
2615,0.84105,High,1
1352,0.8374197,High,1
3154,0.8350079,High,1
2740,0.8336838,High,1
2091,0.83330905,High,1
3597,0.82961327,High,1
3716,0.8289662,High,1
229,0.828246,High,1
3097,0.8239523,High,1
3428,0.8214376,High,1
3271,0.81884193,High,1
1442,0.8179812,High,0
2292,0.81667936,High,1
3285,0.81480557,High,1
45,0.81478363,High,0
442,0.8139768,High,0
3722,0.8136125,High,1
2648,0.81210005,High,1
2829,0.8114941,High,1
3472,0.8111176,High,1
2196,0.80796176,High,1
2538,0.8051481,High,1
3091,0.8048821,High,1
2458,0.803728,High,1
2678,0.78783536,High,1
1105,0.78678036,High,0
196,0.7841978,High,1
755,0.7840502,High,0
3014,0.78381497,High,1
3309,0.7829261,High,1
2571,0.78174716,High,1
1074,0.7808048,High,0
2673,0.7807079,High,1
1003,0.77866393,High,0
1468,0.77532566,High,1
3599,0.7747427,High,1
2515,0.7705056,High,1
32,0.7678576,High,0
2399,0.7669496,High,1
217,0.7656957,High,0
3291,0.7622624,High,1
3022,0.76056033,High,1
3072,0.7586028,High,1
3386,0.7569409,High,1
2496,0.7481806,High,1
463,0.7457288,High,0
3714,0.74309945,High,1
1041,0.74193984,High,1
965,0.7399126,High,0
2113,0.73976,High,1
2366,0.73555493,High,1
2023,0.73467064,High,1
2614,0.73394316,High,1
1056,0.7331595,High,0
3201,0.7315116,High,1
283,0.72646564,High,0
700,0.7230301,High,0
2623,0.7218596,High,1
1786,0.7178196,High,0
2907,0.71415776,High,1
3416,0.709816,High,1
1450,0.70854175,High,0
3251,0.7005912,High,1
2751,0.7000694,High,1
2270,0.69759816,High,1
3337,0.6957405,High,1
305,0.6925885,High,0
3454,0.69056094,High,1
1960,0.6899549,High,0
1420,0.6899358,High,0
978,0.68784803,High,0
3284,0.6789741,High,1
3447,0.6778611,High,1
1610,0.6757782,High,0
544,0.6742359,High,0
2714,0.6694216,High,1
810,0.6694161,High,1
2964,0.6659564,High,1
3241,0.66568637,High,1
3145,0.66524225,High,1
2356,0.6614808,High,1
501,0.6609889,High,0
194,0.6601868,High,1
1255,0.65997654,High,0
3409,0.6599622,High,1
3141,0.65155417,High,1
3129,0.6475554,High,1
468,0.6428186,High,0
3601,0.6394527,High,1
2936,0.6357832,High,1
184,0.6333081,High,1
423,0.6331647,High,0
1330,0.6301936,High,0
1873,0.6278784,High,0
2185,0.6239346,High,1
2457,0.62281895,High,1
3711,0.621013,High,1
2890,0.6148234,High,1
2206,0.60291636,High,1
1361,0.6021827,High,1
2319,0.5957427,High,1
12,0.5952143,High,0
2010,0.5942627,High,1
2092,0.59393466,High,1
2470,0.5904504,High,1
2226,0.58089995,High,1
805,0.5791254,High,0
1502,0.57606333,High,0
1877,0.56976336,High,0
817,0.5638589,High,0
1691,0.56215537,High,0
1739,0.56006736,High,0
787,0.55300325,High,1
2707,0.5529015,High,1
2028,0.5512542,High,1
1688,0.5496724,High,1
3372,0.5492908,High,1
2594,0.5482297,High,1
157,0.5474721,High,0
1336,0.53351885,High,0
2978,0.5321508,High,1
2784,0.5284884,High,1
505,0.5249397,High,0
1512,0.5229066,High,0
3470,0.51839364,High,1
2208,0.51295537,High,1
1146,0.5116418,High,0
2114,0.5109073,High,1
2854,0.5080626,High,1
414,0.50199074,High,0
1370,0.5002547,High,0
2202,0.49962133,High,1
3471,0.49522096,High,1
3064,0.49197647,High,1
1770,0.49167022,High,0
376,0.49001867,High,0
3026,0.4898769,High,1
203,0.48909777,High,0
402,0.46387142,High,1
3500,0.4628574,High,1
1263,0.4593109,High,0
1507,0.45677203,High,0
3410,0.44681785,High,1
2727,0.44077677,High,1
1498,0.43269947,High,0
1641,0.42952368,High,0
2416,0.42268202,High,1
1830,0.42144966,High,0
1501,0.41227043,High,0
178,0.41156435,High,0
883,0.40989622,High,1
1116,0.4097026,High,1
2684,0.40777093,High,1
3133,0.4049388,High,1
1138,0.4049388,High,1
3055,0.39837515,High,1
1424,0.39418584,High,0
1878,0.39170608,High,0
1808,0.38869515,High,0
1350,0.38662112,High,0
1027,0.38558775,High,0
2473,0.38414302,High,1
2126,0.3723105,High,1
839,0.37151757,High,0
430,0.35350004,High,0
2295,0.35087126,High,1
842,0.3427662,High,0
3086,0.34148297,High,1
693,0.3333653,High,0
1503,0.32918528,High,0
410,0.3251016,High,0
2269,0.32487607,High,1
1366,0.31667396,High,1
1293,0.30807272,High,0
124,0.3054488,High,0
1999,0.29962635,Medium,0
221,0.29324302,Medium,0
256,0.29286996,Medium,0
1444,0.2883672,Medium,0
1991,0.2844864,Medium,0
573,0.28365222,Medium,0
1237,0.28081453,Medium,0
291,0.28081232,Medium,0
1494,0.2745683,Medium,0
1956,0.27425957,Medium,0
366,0.26929867,Medium,0
175,0.26810563,Medium,0
278,0.25748774,Medium,0
1200,0.25528666,Medium,0
436,0.25166258,Medium,0
1204,0.25164884,Medium,0
676,0.251581,Medium,0
1188,0.25124738,Medium,0
2973,0.24702391,Medium,1
889,0.23226556,Medium,0
2374,0.22479817,Medium,1
727,0.2206934,Medium,0
1419,0.2168793,Medium,0
1864,0.21593586,Medium,0
52,0.21551608,Medium,0
2345,0.21517664,Medium,1
897,0.21044946,Medium,0
1070,0.20947012,Medium,0
1378,0.20728274,Medium,0
1587,0.20057605,Medium,0
1161,0.20051777,Medium,0
1697,0.19960411,Medium,0
1356,0.19489563,Medium,0
744,0.1941039,Medium,0
506,0.19312407,Medium,0
2148,0.18555231,Medium,1
790,0.18015473,Medium,0
331,0.17939639,Medium,0
952,0.17806858,Medium,0
1097,0.17789713,Medium,0
1726,0.17762184,Medium,0
937,0.17747831,Medium,0
1178,0.17730226,Medium,0
76,0.17564088,Medium,0
1510,0.17437926,Medium,0
564,0.16979352,Medium,0
605,0.16645718,Medium,0
1029,0.16144492,Medium,0
1907,0.15238327,Medium,0
2694,0.15059152,Medium,1
1550,0.14847896,Low,0
1988,0.14620455,Low,0
567,0.13791963,Low,0
655,0.13746317,Low,0
1001,0.1342758,Low,0
120,0.13364536,Low,0
811,0.13178726,Low,0
1231,0.1296299,Low,0
1922,0.1269306,Low,0
1650,0.12640479,Low,0
1846,0.12290706,Low,0
93,0.121803686,Low,0
1295,0.11824286,Low,0
670,0.117881715,Low,0
102,0.11531854,Low,0
1611,0.1143943,Low,0
1745,0.11102289,Low,0
869,0.110966116,Low,0
478,0.109907575,Low,0
1749,0.10972026,Low,0
746,0.10966019,Low,0
332,0.10916818,Low,0
173,0.10791033,Low,0
258,0.10541871,Low,0
3322,0.104551084,Low,1
465,0.103513025,Low,0
88,0.10012942,Low,0
80,0.09999624,Low,0
538,0.09556999,Low,0
1898,0.09468189,Low,0
1064,0.09377472,Low,0
1091,0.091129385,Low,0
785,0.08967528,Low,0
1018,0.087939486,Low,0
1582,0.08740402,Low,0
2996,0.08650774,Low,1
51,0.085586,Low,0
1151,0.08457503,Low,0
486,0.08397638,Low,0
864,0.082525216,Low,0
1921,0.08218747,Low,0
1432,0.08218723,Low,0
1338,0.078055546,Low,0
1720,0.07091086,Low,0
174,0.06950992,Low,0
346,0.06729913,Low,0
705,0.066826895,Low,0
1606,0.066512085,Low,0
266,0.06350866,Low,0
1461,0.06345763,Low,0
905,0.06300348,Low,0
61,0.062362578,Low,1
1075,0.060203187,Low,0
63,0.05988616,Low,0
1089,0.058094025,Low,0
1436,0.05711538,Low,0
432,0.05527719,Low,0
1537,0.054845296,Low,0
315,0.05446659,Low,0
1732,0.053589325,Low,0
594,0.053169083,Low,0
299,0.052478172,Low,0
1842,0.052437574,Low,0
1938,0.05228363,Low,0
314,0.049205672,Low,0
1362,0.048873182,Low,0
1894,0.0487082,Low,0
1412,0.047655433,Low,0
1113,0.046106797,Low,0
439,0.04357523,Low,0
1134,0.042026263,Low,0
1741,0.041522685,Low,0
387,0.041444812,Low,0
549,0.04004955,Low,0
948,0.039899237,Low,0
1185,0.03960935,Low,0
650,0.03951089,Low,0
1973,0.038652036,Low,0
1164,0.03845732,Low,0
450,0.037598714,Low,0
408,0.037260793,Low,1
274,0.036429252,Low,0
1057,0.03640347,Low,0
1910,0.03522956,Low,0
14,0.03511337,Low,0
1602,0.03497555,Low,0
1798,0.034744643,Low,0
1106,0.034651212,Low,0
1926,0.032044448,Low,0
1612,0.030559827,Low,0
246,0.029096043,Low,0
479,0.02761747,Low,0
1616,0.027448533,Low,0
2903,0.026281388,Low,1
1727,0.026272867,Low,0
1236,0.026064098,Low,0
393,0.025838766,Low,0
1918,0.024641,Low,0
251,0.02431845,Low,0
1800,0.02423817,Low,0
990,0.023501584,Low,0
1258,0.023398245,Low,0
44,0.022707565,Low,0
218,0.022515915,Low,0
736,0.02153771,Low,0
192,0.020980645,Low,0
1135,0.020817297,Low,0
109,0.020675777,Low,0
879,0.019028928,Low,0
183,0.018652583,Low,0
443,0.01813102,Low,0
26,0.017824955,Low,0
449,0.017793452,Low,0
58,0.017722938,Low,0
1831,0.017217625,Low,0
557,0.01710017,Low,0
238,0.017097685,Low,0
1284,0.01618691,Low,0
712,0.01570631,Low,0
1729,0.015433905,Low,0
1080,0.015179772,Low,1
764,0.014833865,Low,0
1488,0.014703987,Low,0
1742,0.014537124,Low,0
803,0.014154856,Low,0
1551,0.013878199,Low,0
1268,0.013670466,Low,0
1281,0.013518623,Low,0
1983,0.013135073,Low,0
70,0.012713536,Low,0
257,0.012504946,Low,0
1886,0.012171931,Low,0
1071,0.011604792,Low,0
1163,0.011120334,Low,0
30,0.011008336,Low,0
621,0.010518054,Low,0
1572,0.010444825,Low,0
857,0.010342023,Low,0
734,0.010308067,Low,0
254,0.010027559,Low,0
170,0.009742106,Low,0
1132,0.009587314,Low,0
862,0.00906329,Low,0
309,0.008932922,Low,0
461,0.008845583,Low,0
1175,0.008793789,Low,0
1867,0.0084349755,Low,0
1564,0.008419536,Low,0
761,0.008359556,Low,0
1874,0.008211526,Low,0
554,0.008203542,Low,0
1924,0.008117914,Low,0
1078,0.0076744324,Low,0
156,0.0076425537,Low,0
0,0.0072812424,Low,0
411,0.0071507944,Low,0
1815,0.0069141667,Low,0
351,0.0064982674,Low,0
1373,0.0061994144,Low,0
1566,0.006074867,Low,0
1536,0.006007629,Low,0
1929,0.005913872,Low,0
912,0.0058184173,Low,0
1398,0.0057930243,Low,0
17,0.0054806517,Low,0
490,0.0054331264,Low,0
220,0.00531283,Low,0
1403,0.0051469207,Low,0
1675,0.0050632786,Low,0
794,0.004738694,Low,0
1861,0.004577283,Low,0
1022,0.0043167183,Low,0
1104,0.0043114135,Low,0
1950,0.0041315267,Low,0
149,0.0040731346,Low,0
263,0.0040014903,Low,0
247,0.0040007913,Low,0
534,0.003947446,Low,0
139,0.0038634406,Low,0
457,0.003801403,Low,0
1509,0.003560903,Low,0
642,0.003523611,Low,0
1044,0.0030540265,Low,0
776,0.003009385,Low,0
1017,0.0030061489,Low,0
1814,0.0029468015,Low,0
368,0.00292036,Low,0
602,0.0028671203,Low,0
211,0.0028057643,Low,0
179,0.0027754954,Low,0
322,0.0027499136,Low,0
682,0.0026399386,Low,0
33,0.002624712,Low,0
279,0.002605985,Low,0
511,0.0025941075,Low,0
1637,0.0025673502,Low,0
644,0.0025484653,Low,0
1467,0.002540485,Low,0
1820,0.0024266625,Low,0
829,0.0023642562,Low,0
1731,0.0023146945,Low,0
270,0.0022594817,Low,0
1465,0.0022327981,Low,0
1474,0.0021091318,Low,0
807,0.0021052083,Low,0
1171,0.001956084,Low,0
1825,0.0018688998,Low,0
543,0.0016870366,Low,0
1966,0.0014708758,Low,0
599,0.0014635267,Low,0
752,0.0013829784,Low,0
527,0.0013133497,Low,0
1694,0.0012849799,Low,0
818,0.0011994484,Low,0
1395,0.0011554989,Low,0
721,0.0011443786,Low,0
802,0.0011161981,Low,0
1032,0.0010982048,Low,0
321,0.0009566115,Low,0
1743,0.0008498017,Low,0
881,0.0008322551,Low,0
1187,0.00079550216,Low,0
214,0.0007832503,Low,0
1546,0.00078177016,Low,0
578,0.0007645776,Low,0
415,0.0007595106,Low,0
166,0.00073679636,Low,0
1554,0.0007210362,Low,0
438,0.0007107869,Low,0
1764,0.00063330826,Low,0
1340,0.0006328093,Low,0
1813,0.0006233108,Low,0
495,0.00059058797,Low,0
371,0.0005734731,Low,0
1993,0.00052435417,Low,0
485,0.0004985841,Low,0
1652,0.00043880873,Low,0
1042,0.00043643234,Low,0
1210,0.00042164943,Low,0
1114,0.0004130276,Low,0
325,0.00034444593,Low,0
1872,0.0003375106,Low,0
1278,0.00033565096,Low,0
1866,0.0003307702,Low,0
903,0.00032194075,Low,0
809,0.000317467,Low,0
551,0.00030998365,Low,0
657,0.00026925188,Low,0
29,0.0002364758,Low,0
925,0.00020157342,Low,0
1055,0.0001996033,Low,0
561,0.00017635508,Low,0
416,0.00016506828,Low,0
1344,0.0001496579,Low,0
718,0.00014404996,Low,0
691,0.00013708483,Low,0
289,0.000117710915,Low,0
152,9.8165845e-05,Low,0
1497,9.549419e-05,Low,0
1653,7.6467004e-05,Low,0
1192,7.14498e-05,Low,0
1406,2.0279638e-05,Low,0
